region,best_layer,best_accuracy
V1,repeat_1,0.1822784692489801
V2,repeat_1,0.1883353737381649
V3,repeat_1,0.1604751524117492
V4,repeat_1,0.123649482063027
LOC,repeat_1,0.1681764073212855
EBA,repeat_1,0.169041895381298
FFA,repeat_1,0.1836604569044653
STS,repeat_1,0.1037697634454694
PPA,repeat_1,0.1294243212807402
