layer,alpha,mean_accuracy
conv5,1000000.0,0.2252405836998753
fc6,100000.0,0.25817334749225623
fc7,100000.0,0.24930152431096514
fc8,10000.0,0.2646994900054438
